elapsed_s,timestamp,clocks.current.sm,clocks.current.memory,temperature.gpu,power.draw,utilization.gpu,utilization.memory,clocks_throttle_reasons.active
0.1,2026-09-18 22:42:10,180,13801,33,88.44,40,14,0x0000000000000004
5.16,2026-09-18 22:42:15,2737,13801,52,574.98,100,32,0x0000000000000004
10.2,2026-09-18 22:42:20,2722,13801,55,575.00,100,32,0x0000000000000004
15.25,2026-09-18 22:42:25,2722,13801,57,574.96,100,32,0x0000000000000004
20.29,2026-09-18 22:42:31,2715,13801,60,575.06,100,32,0x0000000000000004
25.36,2026-09-18 22:42:36,2707,13801,62,575.15,100,32,0x0000000000000004
30.42,2026-09-18 22:42:41,2700,13801,64,575.01,99,32,0x0000000000000004
35.46,2026-09-18 22:42:46,2692,13801,65,575.17,100,32,0x0000000000000004
40.5,2026-09-18 22:42:51,2685,13801,67,574.93,100,32,0x0000000000000004
45.56,2026-09-18 22:42:56,2677,13801,68,574.96,100,32,0x0000000000000004
50.6,2026-09-18 22:43:01,2677,13801,70,574.90,100,32,0x0000000000000004
55.65,2026-09-18 22:43:06,2670,13801,70,575.03,100,32,0x0000000000000004
60.7,2026-09-18 22:43:11,2662,13801,71,575.05,100,31,0x0000000000000004
65.75,2026-09-18 22:43:16,2655,13801,71,575.09,100,31,0x0000000000000004
70.8,2026-09-18 22:43:21,2655,13801,71,575.17,100,31,0x0000000000000004
75.84,2026-09-18 22:43:26,2647,13801,72,574.97,100,31,0x0000000000000004
80.89,2026-09-18 22:43:31,2655,13801,72,575.08,100,31,0x0000000000000004
85.93,2026-09-18 22:43:36,2647,13801,72,575.17,100,31,0x0000000000000004
90.97,2026-09-18 22:43:41,2647,13801,72,574.88,100,31,0x0000000000000004
96.0,2026-09-18 22:43:46,2647,13801,72,575.02,100,31,0x0000000000000004
101.04,2026-09-18 22:43:51,2647,13801,72,574.99,100,31,0x0000000000000004
106.08,2026-09-18 22:43:56,2647,13801,72,574.96,100,31,0x0000000000000004
111.13,2026-09-18 22:44:01,2647,13801,72,575.12,100,31,0x0000000000000004
116.17,2026-09-18 22:44:06,2647,13801,73,574.94,100,31,0x0000000000000004
121.23,2026-09-18 22:44:11,2647,13801,72,575.06,100,31,0x0000000000000004
126.29,2026-09-18 22:44:17,2640,13801,73,574.97,100,31,0x0000000000000004
131.35,2026-09-18 22:44:22,2647,13801,73,574.98,100,31,0x0000000000000004
136.41,2026-09-18 22:44:27,2640,13801,72,574.84,100,31,0x0000000000000004
141.45,2026-09-18 22:44:32,2640,13801,73,574.95,100,31,0x0000000000000004
146.49,2026-09-18 22:44:37,2640,13801,73,575.12,100,31,0x0000000000000004
151.54,2026-09-18 22:44:42,2640,13801,73,574.93,100,31,0x0000000000000004
156.58,2026-09-18 22:44:47,2640,13801,72,574.95,100,31,0x0000000000000004
161.63,2026-09-18 22:44:52,2640,13801,73,574.92,100,31,0x0000000000000004
166.67,2026-09-18 22:44:57,2640,13801,73,574.94,100,31,0x0000000000000004
171.72,2026-09-18 22:45:02,2640,13801,72,574.95,100,31,0x0000000000000004
176.76,2026-09-18 22:45:07,2640,13801,73,575.00,100,31,0x0000000000000004
181.8,2026-09-18 22:45:12,2640,13801,73,575.01,100,31,0x0000000000000004
186.87,2026-09-18 22:45:17,2640,13801,73,574.91,100,31,0x0000000000000004
191.91,2026-09-18 22:45:22,2640,13801,73,575.00,100,31,0x0000000000000004
196.95,2026-09-18 22:45:27,2640,13801,73,575.02,100,31,0x0000000000000004
201.99,2026-09-18 22:45:32,2640,13801,73,574.96,100,31,0x0000000000000004
207.04,2026-09-18 22:45:37,2640,13801,73,575.17,100,31,0x0000000000000004
212.1,2026-09-18 22:45:42,2640,13801,73,575.02,100,31,0x0000000000000004
217.16,2026-09-18 22:45:47,2640,13801,72,575.01,100,31,0x0000000000000004
222.21,2026-09-18 22:45:52,2640,13801,73,574.98,100,31,0x0000000000000004
227.26,2026-09-18 22:45:57,2640,13801,73,574.91,100,31,0x0000000000000004
232.32,2026-09-18 22:46:03,2640,13801,73,574.69,98,31,0x0000000000000004
237.38,2026-09-18 22:46:08,2640,13801,73,575.01,100,31,0x0000000000000004
242.44,2026-09-18 22:46:13,2647,13801,73,575.03,100,31,0x0000000000000004
247.53,2026-09-18 22:46:18,2640,13801,73,575.01,100,31,0x0000000000000004
252.57,2026-09-18 22:46:23,2647,13801,73,574.87,100,31,0x0000000000000004
257.61,2026-09-18 22:46:28,2647,13801,73,574.75,100,31,0x0000000000000004
262.65,2026-09-18 22:46:33,2640,13801,72,574.98,100,31,0x0000000000000004
267.71,2026-09-18 22:46:38,2640,13801,72,575.33,100,31,0x0000000000000004
272.76,2026-09-18 22:46:43,2730,13801,73,572.71,99,32,0x0000000000000004
277.82,2026-09-18 22:46:48,2647,13801,72,575.30,100,31,0x0000000000000004
282.86,2026-09-18 22:46:53,2640,13801,72,573.51,100,31,0x0000000000000004
287.9,2026-09-18 22:46:58,2677,13801,72,574.80,99,32,0x0000000000000004
292.95,2026-09-18 22:47:03,2647,13801,72,574.92,100,31,0x0000000000000004
298.0,2026-09-18 22:47:08,2640,13801,72,574.95,100,31,0x0000000000000004
303.05,2026-09-18 22:47:13,2640,13801,72,575.04,100,31,0x0000000000000004
308.09,2026-09-18 22:47:18,2647,13801,72,575.14,100,31,0x0000000000000004
313.13,2026-09-18 22:47:23,2640,13801,73,574.95,100,31,0x0000000000000004
318.18,2026-09-18 22:47:28,2640,13801,72,574.96,100,31,0x0000000000000004
323.24,2026-09-18 22:47:33,2647,13801,73,575.03,100,31,0x0000000000000004
328.29,2026-09-18 22:47:39,2640,13801,72,575.05,100,31,0x0000000000000004
333.34,2026-09-18 22:47:44,2640,13801,72,574.95,100,31,0x0000000000000004
338.39,2026-09-18 22:47:49,2647,13801,73,575.07,100,31,0x0000000000000004
343.42,2026-09-18 22:47:54,2640,13801,72,574.98,100,31,0x0000000000000004
348.47,2026-09-18 22:47:59,2640,13801,72,574.95,99,31,0x0000000000000004
353.52,2026-09-18 22:48:04,2647,13801,72,575.06,100,31,0x0000000000000004
358.58,2026-09-18 22:48:09,2640,13801,72,575.00,100,31,0x0000000000000004
363.64,2026-09-18 22:48:14,2640,13801,72,575.10,100,31,0x0000000000000004
368.68,2026-09-18 22:48:19,2647,13801,72,574.85,100,31,0x0000000000000004
373.72,2026-09-18 22:48:24,2640,13801,72,575.02,100,31,0x0000000000000004
378.78,2026-09-18 22:48:29,2640,13801,72,575.12,100,31,0x0000000000000004
383.84,2026-09-18 22:48:34,2647,13801,72,574.94,100,31,0x0000000000000004
388.88,2026-09-18 22:48:39,2640,13801,72,575.07,100,31,0x0000000000000004
393.92,2026-09-18 22:48:44,2640,13801,72,574.98,100,31,0x0000000000000004
398.97,2026-09-18 22:48:49,2640,13801,72,574.85,100,31,0x0000000000000004
404.01,2026-09-18 22:48:54,2647,13801,72,574.87,100,31,0x0000000000000004
409.05,2026-09-18 22:48:59,2647,13801,72,575.06,100,31,0x0000000000000004
414.1,2026-09-18 22:49:04,2647,13801,72,574.97,100,31,0x0000000000000004
419.14,2026-09-18 22:49:09,2647,13801,72,574.85,100,31,0x0000000000000004
424.18,2026-09-18 22:49:14,2647,13801,72,575.08,100,31,0x0000000000000004
429.23,2026-09-18 22:49:19,2647,13801,72,575.02,100,31,0x0000000000000004
434.27,2026-09-18 22:49:25,2647,13801,72,575.02,100,31,0x0000000000000004
439.32,2026-09-18 22:49:30,2640,13801,72,574.98,100,31,0x0000000000000004
444.36,2026-09-18 22:49:35,2647,13801,72,574.91,100,31,0x0000000000000004
449.42,2026-09-18 22:49:40,2647,13801,72,575.10,100,31,0x0000000000000004
454.48,2026-09-18 22:49:45,2640,13801,72,574.84,100,31,0x0000000000000004
459.51,2026-09-18 22:49:50,2640,13801,72,574.95,100,31,0x0000000000000004
464.57,2026-09-18 22:49:55,2647,13801,72,575.04,100,31,0x0000000000000004
469.61,2026-09-18 22:50:00,2640,13801,72,574.91,100,31,0x0000000000000004
474.65,2026-09-18 22:50:05,2640,13801,72,575.05,100,31,0x0000000000000004
479.7,2026-09-18 22:50:10,2640,13801,72,574.95,100,31,0x0000000000000004
484.74,2026-09-18 22:50:15,2647,13801,72,575.05,100,31,0x0000000000000004
489.78,2026-09-18 22:50:20,2640,13801,72,574.95,100,31,0x0000000000000004
494.83,2026-09-18 22:50:25,2647,13801,72,574.98,100,31,0x0000000000000004
499.87,2026-09-18 22:50:30,2640,13801,72,575.07,100,31,0x0000000000000004
504.91,2026-09-18 22:50:35,2640,13801,72,575.11,100,31,0x0000000000000004
509.96,2026-09-18 22:50:40,2640,13801,72,575.03,100,31,0x0000000000000004
515.01,2026-09-18 22:50:45,2647,13801,72,574.83,100,31,0x0000000000000004
520.07,2026-09-18 22:50:50,2640,13801,72,575.17,100,31,0x0000000000000004
525.11,2026-09-18 22:50:55,2640,13801,72,575.09,100,31,0x0000000000000004
530.15,2026-09-18 22:51:00,2640,13801,72,574.87,100,31,0x0000000000000004
535.19,2026-09-18 22:51:05,2640,13801,72,575.09,100,31,0x0000000000000004
540.23,2026-09-18 22:51:10,2647,13801,72,574.82,100,31,0x0000000000000004
545.28,2026-09-18 22:51:16,2647,13801,72,575.16,100,31,0x0000000000000004
550.32,2026-09-18 22:51:21,2640,13801,72,575.11,100,31,0x0000000000000004
555.37,2026-09-18 22:51:26,2640,13801,72,574.88,100,31,0x0000000000000004
560.42,2026-09-18 22:51:31,2647,13801,72,575.06,100,31,0x0000000000000004
565.46,2026-09-18 22:51:36,2640,13801,72,574.99,100,31,0x0000000000000004
570.51,2026-09-18 22:51:41,2647,13801,73,575.09,100,31,0x0000000000000004
575.55,2026-09-18 22:51:46,2647,13801,72,575.36,100,31,0x0000000000000004
580.59,2026-09-18 22:51:51,2640,13801,72,575.01,100,31,0x0000000000000004
585.63,2026-09-18 22:51:56,2640,13801,72,575.11,100,31,0x0000000000000004
590.68,2026-09-18 22:52:01,2647,13801,72,574.09,100,31,0x0000000000000004
595.74,2026-09-18 22:52:06,2640,13801,72,574.97,100,31,0x0000000000000004
600.78,2026-09-18 22:52:11,2640,13801,72,575.20,100,31,0x0000000000000004
605.84,2026-09-18 22:52:16,2647,13801,72,575.05,100,31,0x0000000000000004
610.88,2026-09-18 22:52:21,2647,13801,72,574.91,100,31,0x0000000000000004
615.92,2026-09-18 22:52:26,2640,13801,72,574.96,100,31,0x0000000000000004
620.96,2026-09-18 22:52:31,2647,13801,72,575.01,100,31,0x0000000000000004
626.0,2026-09-18 22:52:36,2640,13801,72,574.85,100,31,0x0000000000000004
631.04,2026-09-18 22:52:41,2640,13801,72,575.08,100,31,0x0000000000000004
636.1,2026-09-18 22:52:46,2647,13801,72,574.99,100,31,0x0000000000000004
641.15,2026-09-18 22:52:51,2640,13801,72,575.17,100,31,0x0000000000000004
646.2,2026-09-18 22:52:56,2640,13801,72,575.08,100,31,0x0000000000000004
651.24,2026-09-18 22:53:01,2647,13801,72,574.97,100,31,0x0000000000000004
656.28,2026-09-18 22:53:07,2647,13801,72,574.50,100,31,0x0000000000000004
661.32,2026-09-18 22:53:12,2640,13801,72,575.03,100,31,0x0000000000000004
666.37,2026-09-18 22:53:17,2647,13801,72,574.95,99,31,0x0000000000000004
671.41,2026-09-18 22:53:22,2647,13801,72,575.11,100,31,0x0000000000000004
676.45,2026-09-18 22:53:27,2647,13801,72,574.85,100,31,0x0000000000000004
681.49,2026-09-18 22:53:32,2640,13801,72,574.97,100,31,0x0000000000000004
686.54,2026-09-18 22:53:37,2647,13801,72,574.99,100,31,0x0000000000000004
691.59,2026-09-18 22:53:42,2647,13801,72,577.74,100,31,0x0000000000000004
696.63,2026-09-18 22:53:47,2640,13801,72,575.17,100,31,0x0000000000000004
701.67,2026-09-18 22:53:52,2647,13801,72,574.91,100,31,0x0000000000000004
706.73,2026-09-18 22:53:57,2640,13801,72,575.23,97,30,0x0000000000000004
711.77,2026-09-18 22:54:02,2640,13801,72,575.12,100,31,0x0000000000000004
716.81,2026-09-18 22:54:07,2640,13801,72,575.03,100,31,0x0000000000000004
721.86,2026-09-18 22:54:12,2640,13801,72,575.14,100,31,0x0000000000000004
726.9,2026-09-18 22:54:17,2640,13801,72,574.85,100,31,0x0000000000000004
731.96,2026-09-18 22:54:22,2647,13801,72,574.85,100,31,0x0000000000000004
737.0,2026-09-18 22:54:27,2647,13801,72,574.82,100,31,0x0000000000000004
742.05,2026-09-18 22:54:32,2640,13801,72,574.92,100,31,0x0000000000000004
747.09,2026-09-18 22:54:37,2647,13801,72,575.01,100,31,0x0000000000000004
752.15,2026-09-18 22:54:42,2647,13801,72,575.11,100,31,0x0000000000000004
757.2,2026-09-18 22:54:47,2640,13801,72,575.04,100,31,0x0000000000000004
762.25,2026-09-18 22:54:52,2647,13801,72,574.82,100,31,0x0000000000000004
767.29,2026-09-18 22:54:58,2647,13801,72,574.99,100,31,0x0000000000000004
772.33,2026-09-18 22:55:03,2647,13801,72,574.96,100,31,0x0000000000000004
777.38,2026-09-18 22:55:08,2647,13801,72,574.90,100,31,0x0000000000000004
782.42,2026-09-18 22:55:13,2647,13801,72,575.07,100,31,0x0000000000000004
787.46,2026-09-18 22:55:18,2647,13801,72,574.84,100,31,0x0000000000000004
792.52,2026-09-18 22:55:23,2640,13801,72,574.92,100,31,0x0000000000000004
797.58,2026-09-18 22:55:28,2647,13801,72,575.23,100,31,0x0000000000000004
802.62,2026-09-18 22:55:33,2640,13801,72,574.97,100,31,0x0000000000000004
807.66,2026-09-18 22:55:38,2640,13801,72,575.05,100,31,0x0000000000000004
812.7,2026-09-18 22:55:43,2647,13801,72,574.96,100,31,0x0000000000000004
817.74,2026-09-18 22:55:48,2647,13801,72,574.84,100,31,0x0000000000000004
822.78,2026-09-18 22:55:53,2640,13801,72,575.00,100,31,0x0000000000000004
827.82,2026-09-18 22:55:58,2647,13801,71,575.04,100,31,0x0000000000000004
832.86,2026-09-18 22:56:03,2640,13801,72,575.04,100,31,0x0000000000000004
837.9,2026-09-18 22:56:08,2640,13801,72,574.86,100,31,0x0000000000000004
842.94,2026-09-18 22:56:13,2647,13801,72,575.00,100,31,0x0000000000000004
847.98,2026-09-18 22:56:18,2640,13801,72,575.01,100,31,0x0000000000000004
853.03,2026-09-18 22:56:23,2640,13801,72,575.03,100,31,0x0000000000000004
858.07,2026-09-18 22:56:28,2647,13801,72,574.96,100,31,0x0000000000000004
863.11,2026-09-18 22:56:33,2647,13801,72,574.89,100,31,0x0000000000000004
868.16,2026-09-18 22:56:38,2640,13801,72,574.99,100,31,0x0000000000000004
873.22,2026-09-18 22:56:43,2647,13801,72,573.83,100,31,0x0000000000000004
878.26,2026-09-18 22:56:48,2647,13801,72,574.87,100,31,0x0000000000000004
883.31,2026-09-18 22:56:54,2640,13801,72,575.22,100,31,0x0000000000000004
888.35,2026-09-18 22:56:59,2647,13801,72,574.82,100,31,0x0000000000000004
893.39,2026-09-18 22:57:04,2647,13801,72,575.12,100,31,0x0000000000000004
898.43,2026-09-18 22:57:09,2640,13801,72,574.87,100,31,0x0000000000000004
903.47,2026-09-18 22:57:14,2647,13801,72,575.04,100,31,0x0000000000000004
908.52,2026-09-18 22:57:19,2640,13801,72,575.02,100,31,0x0000000000000004
913.56,2026-09-18 22:57:24,2640,13801,72,575.03,100,31,0x0000000000000004
918.59,2026-09-18 22:57:29,2640,13801,72,575.09,100,31,0x0000000000000004
923.63,2026-09-18 22:57:34,2647,13801,72,574.79,100,31,0x0000000000000004
928.68,2026-09-18 22:57:39,2640,13801,72,575.13,100,31,0x0000000000000004
933.72,2026-09-18 22:57:44,2640,13801,72,575.04,100,31,0x0000000000000004
938.76,2026-09-18 22:57:49,2640,13801,72,575.06,100,31,0x0000000000000004
943.8,2026-09-18 22:57:54,2640,13801,72,575.03,100,31,0x0000000000000004
948.83,2026-09-18 22:57:59,2640,13801,72,574.88,100,31,0x0000000000000004
953.88,2026-09-18 22:58:04,2647,13801,72,574.95,100,31,0x0000000000000004
958.92,2026-09-18 22:58:09,2640,13801,72,575.11,100,31,0x0000000000000004
963.96,2026-09-18 22:58:14,2640,13801,72,574.88,100,31,0x0000000000000004
969.01,2026-09-18 22:58:19,2647,13801,72,575.13,100,31,0x0000000000000004
974.06,2026-09-18 22:58:24,2640,13801,72,574.98,99,31,0x0000000000000004
979.11,2026-09-18 22:58:29,2640,13801,72,574.88,100,31,0x0000000000000004
984.15,2026-09-18 22:58:34,2640,13801,72,574.97,100,31,0x0000000000000004
989.19,2026-09-18 22:58:39,2640,13801,72,573.72,100,31,0x0000000000000004
994.23,2026-09-18 22:58:44,2640,13801,72,574.95,100,31,0x0000000000000004
999.27,2026-09-18 22:58:50,2640,13801,72,574.83,100,31,0x0000000000000004
1004.31,2026-09-18 22:58:55,2647,13801,72,574.88,100,31,0x0000000000000004
1009.35,2026-09-18 22:59:00,2640,13801,72,575.22,100,31,0x0000000000000004
1014.4,2026-09-18 22:59:05,2640,13801,72,575.01,100,31,0x0000000000000004
1019.44,2026-09-18 22:59:10,2640,13801,72,574.83,100,31,0x0000000000000004
1024.48,2026-09-18 22:59:15,2640,13801,72,574.82,100,31,0x0000000000000004
1029.52,2026-09-18 22:59:20,2640,13801,72,575.03,100,31,0x0000000000000004
1034.56,2026-09-18 22:59:25,2640,13801,72,575.21,100,31,0x0000000000000004
1039.61,2026-09-18 22:59:30,2640,13801,72,575.08,100,31,0x0000000000000004
1044.65,2026-09-18 22:59:35,2640,13801,72,575.15,100,31,0x0000000000000004
1049.69,2026-09-18 22:59:40,2647,13801,72,574.90,100,31,0x0000000000000004
1054.73,2026-09-18 22:59:45,2640,13801,72,575.00,100,31,0x0000000000000004
1059.77,2026-09-18 22:59:50,2640,13801,72,575.11,100,31,0x0000000000000004
1064.81,2026-09-18 22:59:55,2647,13801,72,574.91,100,31,0x0000000000000004
1069.84,2026-09-18 23:00:00,2647,13801,72,574.96,100,31,0x0000000000000004
1074.88,2026-09-18 23:00:05,2640,13801,73,574.95,100,31,0x0000000000000004
1079.92,2026-09-18 23:00:10,2647,13801,72,574.91,100,31,0x0000000000000004
1084.96,2026-09-18 23:00:15,2640,13801,72,575.03,100,31,0x0000000000000004
1090.0,2026-09-18 23:00:20,2640,13801,72,575.24,100,31,0x0000000000000004
1095.06,2026-09-18 23:00:25,2640,13801,72,575.09,100,31,0x0000000000000004
1100.11,2026-09-18 23:00:30,2640,13801,72,574.89,100,31,0x0000000000000004
1105.15,2026-09-18 23:00:35,2640,13801,72,574.89,100,31,0x0000000000000004
1110.2,2026-09-18 23:00:40,2640,13801,72,574.92,100,31,0x0000000000000004
1115.25,2026-09-18 23:00:45,2647,13801,72,574.95,100,31,0x0000000000000004
1120.31,2026-09-18 23:00:51,2640,13801,72,575.12,100,31,0x0000000000000004
1125.35,2026-09-18 23:00:56,2640,13801,72,575.03,100,31,0x0000000000000004
1130.39,2026-09-18 23:01:01,2647,13801,72,574.97,100,31,0x0000000000000004
1135.43,2026-09-18 23:01:06,2640,13801,72,574.95,100,31,0x0000000000000004
1140.49,2026-09-18 23:01:11,2640,13801,72,570.73,100,31,0x0000000000000004
1145.53,2026-09-18 23:01:16,2647,13801,72,575.17,100,31,0x0000000000000004
1150.59,2026-09-18 23:01:21,2640,13801,72,575.12,100,31,0x0000000000000004
1155.63,2026-09-18 23:01:26,2640,13801,72,575.00,100,31,0x0000000000000004
1160.67,2026-09-18 23:01:31,2647,13801,72,574.91,100,31,0x0000000000000004
1165.71,2026-09-18 23:01:36,2640,13801,72,575.00,100,31,0x0000000000000004
1170.77,2026-09-18 23:01:41,2640,13801,72,574.94,100,31,0x0000000000000004
1175.8,2026-09-18 23:01:46,2640,13801,72,574.87,100,31,0x0000000000000004
1180.86,2026-09-18 23:01:51,2647,13801,72,575.25,100,31,0x0000000000000004
1185.89,2026-09-18 23:01:56,2640,13801,72,574.93,100,31,0x0000000000000004
1190.93,2026-09-18 23:02:01,2640,13801,72,574.88,100,31,0x0000000000000004
1195.97,2026-09-18 23:02:06,2640,13801,72,575.13,100,31,0x0000000000000004
